"Pasture_Patch_Year","Patch","Pasture","Year","Treatment","Herbicide.Treatment","CSG","WSG","Fescue","Forbs","Legumes","Woody","Bare","Litter","Seedmix","Robel","Panic","LitDep","Hvy.Fesc","Hvy.CSG","Hvy.WSG"
"235_C_2014","235_C","235","14","PBG",NA,1.33333333333333,10.7,2.46666666666667,35.9,5.8,0.233333333333333,38.2,43.6333333333333,0,1.08333333333333,0.1,0.183333333333333,0,0,1
"235_C_2015","235_C","235","15","PBG",NA,26.4,1.26666666666667,14.3666666666667,38.7,27.5666666666667,0.266666666666667,43.4,45.5,0.1,2.45,0,0.35,2,4,0
"235_C_2016","235_C","235","16","PBG",NA,21.7,12.7666666666667,15.7,23.5666666666667,17.1,0.1,29.7,53.8666666666667,0,1.5,0.133333333333333,0.908333333333333,3,3,1
"235_C_2017","235_C","235","17","PBG",NA,20.4333333333333,13.4333333333333,15.1333333333333,20.2,16.8666666666667,0.1,14.6333333333333,82.9,0,2.50833333333333,0,1.83333333333333,2,1,2
"235_C_2018","235_C","235","18","PBG",NA,34.8,15.7333333333333,22.2666666666667,13.0666666666667,14.0333333333333,2.1,6.9,92.5,0,2.55833333333333,0.133333333333333,2.4,2,9,3
"235_N_2014","235_N","235","14","PBG",NA,3.36666666666667,2.16666666666667,2.33333333333333,29.7666666666667,9.56666666666667,0,81.3333333333333,3.86666666666667,0,1.225,0.333333333333333,0,0,0,0
"235_N_2015","235_N","235","15","PBG",NA,3.66666666666667,2.6,1.9,74.3666666666667,21.3666666666667,0,71.9333333333333,21.7333333333333,0,3.09166666666667,0.0333333333333333,0.0333333333333333,0,0,0
"235_N_2016","235_N","235","16","PBG",NA,18.1,6.9,0.4,60.9,13.1333333333333,0,19.4333333333333,64.7,0.0333333333333333,2.39166666666667,0.666666666666667,0.891666666666667,0,3,1
"235_N_2017","235_N","235","17","PBG",NA,24.1,12.8666666666667,3.56666666666667,48.3,21.9666666666667,0.0333333333333333,71.7666666666667,24,0.0333333333333333,3.075,0.5,0.316666666666667,1,5,0
"235_N_2018","235_N","235","18","PBG",NA,24.7666666666667,25.3666666666667,0.8,40.1,18.3666666666667,1.16666666666667,57.6,30.5666666666667,0.0333333333333333,2.36666666666667,0.533333333333333,0.55,0,2,3
"235_S_2014","235_S","235","14","PBG",NA,1.5,2.43333333333333,3.9,23.5333333333333,13.2333333333333,0.666666666666667,31.1666666666667,48.6,0,2.53333333333333,0.533333333333333,0.183333333333333,1,0,0
"235_S_2015","235_S","235","15","PBG",NA,35.7666666666667,3.23333333333333,12.3666666666667,34.4333333333333,25.1,0,56.0333333333333,3.4,0.0333333333333333,3.19166666666667,0.133333333333333,0.0333333333333333,0,8,1
"235_S_2016","235_S","235","16","PBG",NA,31.2666666666667,4.33333333333333,3.9,49.1333333333333,9.26666666666667,0.0333333333333333,20.4666666666667,68.3,0,3.29166666666667,0.3,0.591666666666667,1,8,0
"235_S_2017","235_S","235","17","PBG",NA,29.3333333333333,5.53333333333333,6.3,35.3666666666667,18.8333333333333,0.0333333333333333,16.7,66.7666666666667,0.0333333333333333,3.69166666666667,0.3,1.56666666666667,2,5,1
"235_S_2018","235_S","235","18","PBG",NA,21,15.1,11.2,42.8333333333333,15.2,0,67.4666666666667,30.8,0,2.76666666666667,0.5,0.25,2,2,0
"BSH_C_2014","BSH_C","BSH","14","None","Spr",7.16666666666667,0.533333333333333,36,31.4,4.6,0.533333333333333,3.03333333333333,91.5666666666667,0.0333333333333333,5.51666666666667,0,2.4,8,1,0
"BSH_C_2015","BSH_C","BSH","15","None","Spr",5.3,14.2333333333333,2.3,46.3,16.2666666666667,0.1,11.9333333333333,79.9,0,3.40833333333333,0.166666666666667,0.816666666666667,1,1,3
"BSH_C_2016","BSH_C","BSH","16","None","Spr",9.63333333333333,9.06666666666667,0.933333333333333,66.1333333333333,11.7333333333333,0.533333333333333,26,67.3666666666667,0.0333333333333333,9.4,0.266666666666667,1.51666666666667,0,1,0
"BSH_C_2017","BSH_C","BSH","17","None","Spr",13.7666666666667,8.63333333333333,3.6,68.5333333333333,20.2333333333333,5.96666666666667,51.0666666666667,50.3,0,12.35,0.4,0.483333333333333,0,0,0
"BSH_N_2014","BSH_N","BSH","14","None","Con",3.26666666666667,0.633333333333333,28.1666666666667,29.5,1.66666666666667,0.2,6.66666666666667,88.9666666666667,0,4.24166666666667,0.0666666666666667,1.875,5,1,0
"BSH_N_2015","BSH_N","BSH","15","None","Con",6.03333333333333,0.266666666666667,46.9666666666667,31.5666666666667,16.3333333333333,1.26666666666667,14.1,78.1666666666667,0,2.98333333333333,0,0.916666666666667,13,0,0
"BSH_N_2016","BSH_N","BSH","16","None","Con",27.6333333333333,0.633333333333333,25.1333333333333,38.3333333333333,8.96666666666667,0,2.86666666666667,95.6,0,5.1,0.0333333333333333,4.80833333333333,3,3,0
"BSH_N_2017","BSH_N","BSH","17","None","Con",46,0.4,7.33333333333333,42.0666666666667,5.5,9.43333333333333,7.7,91.7333333333333,0,9.075,0.266666666666667,1.7,0,13,0
"BSH_S_2014","BSH_S","BSH","14","None","SnS",7.8,0,37.7333333333333,26.3333333333333,1.9,0.733333333333333,5.86666666666667,91.2333333333333,0,4.48333333333333,0,1.45833333333333,10,2,0
"BSH_S_2015","BSH_S","BSH","15","None","SnS",12.2333333333333,4.06666666666667,0.3,49.4333333333333,26.0333333333333,0.0333333333333333,23.3666666666667,73.0333333333333,0,3.94166666666667,0.2,0.666666666666667,0,3,0
"BSH_S_2016","BSH_S","BSH","16","None","SnS",3.26666666666667,15.3666666666667,0.966666666666667,70.1666666666667,17.2,0.633333333333333,25.2333333333333,69.8,0.0333333333333333,8.4,0.3,2.175,0,0,0
"BSH_S_2017","BSH_S","BSH","17","None","SnS",5.6,39.2333333333333,0.833333333333333,62.8666666666667,17,2.83333333333333,16.2,85.3333333333333,0.233333333333333,12.7166666666667,0.266666666666667,1.21666666666667,0,0,12
"DUN_C_2014","DUN_C","DUN","14","None","Con",55.4333333333333,3.3,1.36666666666667,53.9666666666667,47.7,0,3.73333333333333,88.0666666666667,0,7.95,0.166666666666667,0.775,0,16,0
"DUN_C_2015","DUN_C","DUN","15","None","Con",54.2333333333333,2.43333333333333,1.5,13.2333333333333,47.5333333333333,0.1,2.7,91.7,0.0333333333333333,6.61666666666667,0.1,6.25833333333333,0,16,0
"DUN_C_2016","DUN_C","DUN","16","None","Con",79,2.53333333333333,2.63333333333333,13.4333333333333,20.7666666666667,0.1,6.93333333333333,80.9,0.0666666666666667,2.96666666666667,0.0333333333333333,1.71666666666667,1,28,0
"DUN_C_2017","DUN_C","DUN","17","None","Con",62.5666666666667,4.43333333333333,6.76666666666667,12.6666666666667,1.83333333333333,2.13333333333333,2.36666666666667,96.8,0.0333333333333333,6.19166666666667,0,5.61666666666667,1,18,1
"DUN_C_2018","DUN_C","DUN","18","None","Con",63.741935483871,4.7741935483871,20.8709677419355,19.0322580645161,7.7741935483871,2.7741935483871,7.48387096774194,57.1612903225806,0.0967741935483871,7.15322580645161,0.032258064516129,1.41935483870968,2,24,1
"DUN_E_2014","DUN_E","DUN","14","None","Spr",21,30.4666666666667,1.36666666666667,44.4666666666667,11.8666666666667,0,5.76666666666667,87.6333333333333,0.0333333333333333,8.88333333333333,0.8,1.03333333333333,0,4,8
"DUN_E_2015","DUN_E","DUN","15","None","Spr",66.1,17.4333333333333,1.73333333333333,25.5,15.8666666666667,0,3.96666666666667,95.6333333333333,0,7.28333333333333,0.633333333333333,2.1,0,21,4
"DUN_E_2016","DUN_E","DUN","16","None","Spr",40.8666666666667,12.1,0,51.4,28.2333333333333,0,49.5,20.3,0.0666666666666667,5.35,0.333333333333333,0.391666666666667,0,11,3
"DUN_E_2017","DUN_E","DUN","17","None","Spr",48.9666666666667,5.06666666666667,1.36666666666667,34.5333333333333,14.0666666666667,2.13333333333333,3.56666666666667,94.8,0.133333333333333,7.55,0,7.92,0,14,1
"DUN_E_2018","DUN_E","DUN","18","None","Spr",40.1,24.9,5.03333333333333,38.4,0,2.63333333333333,2.3,84.6333333333333,0.133333333333333,8.24166666666667,0.0666666666666667,6.06666666666667,0,11,4
"DUN_W_2014","DUN_W","DUN","14","None","SnS",21.2333333333333,30,1.26666666666667,27.6,23,0,6.23333333333333,87.6333333333333,0,6.91666666666667,0.833333333333333,0.633333333333333,0,4,7
"DUN_W_2015","DUN_W","DUN","15","None","SnS",50,30.8333333333333,1.43333333333333,11.2333333333333,34.7333333333333,0,2.93333333333333,95.6333333333333,0.0333333333333333,5,0.466666666666667,2.95,0,16,7
"DUN_W_2016","DUN_W","DUN","16","None","SnS",17.8,15.0666666666667,0,59.3333333333333,40.0666666666667,0,60.9,25.6666666666667,0.0333333333333333,4.98333333333333,0.233333333333333,0.125,0,0,4
"DUN_W_2017","DUN_W","DUN","17","None","SnS",14.5,29.1,1.2,30.3,23.6333333333333,1.1,0.666666666666667,97.6,0.1,8.15,0.366666666666667,6.21666666666667,0,2,8
"DUN_W_2018","DUN_W","DUN","18","None","SnS",36.7666666666667,30.8,1.16666666666667,21.3,35.8666666666667,0,17.3333333333333,41.3333333333333,0.0333333333333333,5.225,0.1,0.75,0,9,7
"GIL_C_2014","GIL_C","GIL","14","IGB","SnS",7.33333333333333,3.86666666666667,70.3333333333333,21.6,5.56666666666667,1.16666666666667,8.5,76.2666666666667,0.0666666666666667,2.4,0.266666666666667,1.66666666666667,25,0,0
"GIL_C_2015","GIL_C","GIL","15","IGB","SnS",30.6774193548387,30.741935483871,8.48387096774194,24.8064516129032,8.58064516129032,0.0967741935483871,81.8387096774194,12.8709677419355,0.0645161290322581,0.92741935483871,0.354838709677419,0.17741935483871,3,7,9
"GIL_C_2016","GIL_C","GIL","16","IGB","SnS",25.9666666666667,11.0666666666667,8.9,49.8,11.2666666666667,1.16666666666667,14.8,77,0.166666666666667,4.24166666666667,0.3,1.7,2,5,0
"GIL_C_2017","GIL_C","GIL","17","IGB","SnS",18.9210526315789,20.7105263157895,9.63157894736842,46.4473684210526,32.4210526315789,3.31578947368421,7.34210526315789,86.8157894736842,0.263157894736842,5.63815789473684,0.447368421052632,1.43421052631579,2,1,5
"GIL_C_2018","GIL_C","GIL","18","IGB","SnS",32.6666666666667,22.7333333333333,12.7666666666667,34.5333333333333,6.13333333333333,2.33333333333333,2.26666666666667,96,0.0666666666666667,4.90833333333333,0.366666666666667,1.78333333333333,2,5,3
"GIL_N_2014","GIL_N","GIL","14","IGB","Spr",12.2666666666667,6,68.0666666666667,18.2333333333333,15.0333333333333,1.7,11.3333333333333,68.1,0,1.9,0.333333333333333,1.26666666666667,25,1,0
"GIL_N_2015","GIL_N","GIL","15","IGB","Spr",14.3103448275862,56.3793103448276,2.96551724137931,25.9655172413793,5.44827586206897,0.655172413793103,77.1724137931034,17.5172413793103,0.0344827586206897,0.517241379310345,0.344827586206897,0.224137931034483,0,0,18
"GIL_N_2016","GIL_N","GIL","16","IGB","Spr",30.5,5.73333333333333,6.86666666666667,46.8,12.8666666666667,4.43333333333333,6.36666666666667,88.0333333333333,0.0333333333333333,3.10833333333333,0.5,1.46666666666667,1,5,0
"GIL_N_2017","GIL_N","GIL","17","IGB","Spr",30.375,5.375,12.25,36.875,14.9583333333333,1.375,7.45833333333333,87.0833333333333,0,3.625,0.291666666666667,1.41666666666667,2,2,0
"GIL_N_2018","GIL_N","GIL","18","IGB","Spr",35.8666666666667,15.7,10.4666666666667,29.1333333333333,11.6666666666667,0.1,22.5666666666667,71.0333333333333,0.0333333333333333,2.70833333333333,0.433333333333333,1.53333333333333,1,7,1
"GIL_S_2014","GIL_S","GIL","14","IGB","Con",11.8333333333333,0.3,71.5333333333333,23.6,8.43333333333333,3.53333333333333,11.5666666666667,72.4333333333333,0,2.49166666666667,0,1.43333333333333,27,3,0
"GIL_S_2015","GIL_S","GIL","15","IGB","Con",14.0666666666667,3.36666666666667,68.0333333333333,22.3666666666667,10.7,4.36666666666667,32.4333333333333,60.6666666666667,0.0666666666666667,1.30833333333333,0,0.65,24,1,1
"GIL_S_2016","GIL_S","GIL","16","IGB","Con",15.9666666666667,10.9333333333333,35.4,43.5,13.1,4.56666666666667,46.5666666666667,38.2,0.1,2.95,0.0666666666666667,0.591666666666667,9,3,1
"GIL_S_2017","GIL_S","GIL","17","IGB","Con",32.2142857142857,9.89285714285714,36.6071428571429,32.1785714285714,26.4285714285714,1.46428571428571,4.57142857142857,93.7142857142857,0.25,6.16071428571429,0,1.41071428571429,9,8,1
"GIL_S_2018","GIL_S","GIL","18","IGB","Con",19.1666666666667,3.73333333333333,45.7333333333333,25.6333333333333,6.1,6.66666666666667,3.53333333333333,94,0.1,2.95,0.0666666666666667,1.63333333333333,13,0,0
"KLN_C_2014","KLN_C","KLN","14","PBIG","No",15.1666666666667,24.0666666666667,23.9,10.8666666666667,26.6333333333333,0,60.8333333333333,15.9,0,1.20833333333333,0.1,0,4,5,2
"KLN_C_2015","KLN_C","KLN","15","PBIG","No",15.2333333333333,37.7,19.0333333333333,15.7333333333333,36.6,0.1,30.5333333333333,65.3666666666667,0.0333333333333333,2.30833333333333,0.133333333333333,0.616666666666667,2,2,11
"KLN_C_2016","KLN_C","KLN","16","PBIG","No",6.36666666666667,40.8333333333333,12.1333333333333,19.8,10.1666666666667,0,5.7,81.8666666666667,0,3.15,0.0333333333333333,2.63333333333333,0,0,11
"KLN_C_2017","KLN_C","KLN","17","PBIG","No",1.29166666666667,25,8.83333333333333,16.7083333333333,48.7083333333333,0,91,6.625,0,1.20833333333333,0.125,0.0833333333333333,0,0,0
"KLN_C_2018","KLN_C","KLN","18","PBIG","No",4.76666666666667,24.5666666666667,27.2333333333333,21.3333333333333,30.4,0,30.0333333333333,57.3666666666667,0.1,2.275,0.2,0.766666666666667,5,0,4
"KLN_E_2014","KLN_E","KLN","14","PBIG","No",8.2,8.83333333333333,45.8333333333333,13.6333333333333,28.8,0,20.2,65.5,0.0333333333333333,1.93333333333333,0,0.75,14,2,0
"KLN_E_2015","KLN_E","KLN","15","PBIG","No",23.7,10.2333333333333,53.5,14.2,19.2666666666667,0,10.3333333333333,84.9666666666667,0.0333333333333333,2.5,0.0666666666666667,1.5,17,3,1
"KLN_E_2016","KLN_E","KLN","16","PBIG","No",12.6666666666667,14.3333333333333,28.6333333333333,14.6333333333333,27.3,1.26666666666667,23.1,32.2333333333333,0,1.05,0.0666666666666667,0.15,5,0,2
"KLN_E_2017","KLN_E","KLN","17","PBIG","No",4.63333333333333,22,17.1,19.4,22.1333333333333,0,14.0666666666667,83.3666666666667,0,2.31666666666667,0.0666666666666667,1.63333333333333,1,0,0
"KLN_E_2018","KLN_E","KLN","18","PBIG","No",11.0333333333333,14.9333333333333,51.7,17.3333333333333,10.6333333333333,0.1,5.03333333333333,89.3333333333333,0.0333333333333333,2.7,0,1.88333333333333,16,0,1
"KLN_W_2014","KLN_W","KLN","14","PBIG","No",2.93333333333333,22.9666666666667,29.6666666666667,15.7,4.5,0,24.4333333333333,71.9,0,2.13333333333333,0.266666666666667,0.491666666666667,6,1,4
"KLN_W_2015","KLN_W","KLN","15","PBIG","No",11.5333333333333,16.0333333333333,36.5,23.7,38.0333333333333,0,51.1666666666667,35.4666666666667,0.0666666666666667,1.75,0.133333333333333,0.00833333333333333,11,1,2
"KLN_W_2016","KLN_W","KLN","16","PBIG","No",5.7,30.3,23.2,30.2,16.2333333333333,0,7.83333333333333,86.1333333333333,0,2.29166666666667,0.2,1.725,4,0,8
"KLN_W_2017","KLN_W","KLN","17","PBIG","No",1.69444444444444,28.3611111111111,16.5833333333333,16.7222222222222,10.9722222222222,0.444444444444444,3.91666666666667,92.6944444444444,0,2.67361111111111,0.277777777777778,1.56944444444444,0,0,3
"KLN_W_2018","KLN_W","KLN","18","PBIG","No",2.6,21.9666666666667,26.3333333333333,19.1,27.4,0,50.3,13.7,0,1.13333333333333,0.0333333333333333,0,5,0,1
"KLT_E_2014","KLT_E","KLT","14","BO","No",0.533333333333333,24.6,2.63333333333333,39.1333333333333,12.4666666666667,2.2,17.1333333333333,76.4,0.133333333333333,5.19166666666667,0.0666666666666667,2.75,1,0,6
"KLT_E_2015","KLT_E","KLT","15","BO","No",28.4,16.8666666666667,0.3,41.5,8.4,4.8,4.8,95.6,0.333333333333333,6.60833333333333,0.0666666666666667,2.84166666666667,0,6,3
"KLT_E_2016","KLT_E","KLT","16","BO","No",23.4333333333333,28.5666666666667,0.3,44.4333333333333,12.8,6,13.5333333333333,86.9666666666667,0.266666666666667,7.70833333333333,0,1.44166666666667,0,3,7
"KLT_E_2017","KLT_E","KLT","17","BO","No",12.6,32.5333333333333,1.7,27.3,13.5333333333333,0.533333333333333,14.7666666666667,81.1,0.0333333333333333,4.79166666666667,0.133333333333333,3.16666666666667,0,1,9
"KLT_E_2018","KLT_E","KLT","18","BO","No",20.9,34.9666666666667,0,51.8333333333333,9.93333333333333,0,13.8333333333333,81.4666666666667,0.0666666666666667,7.325,0.1,3.41666666666667,0,1,12
"KLT_S_2014","KLT_S","KLT","14","BO","No",5.56666666666667,35,4.63333333333333,22.4666666666667,11.3,3.9,11.3,85.7,0,5.54166666666667,0.333333333333333,4.325,0,2,12
"KLT_S_2015","KLT_S","KLT","15","BO","No",33.5,21.2333333333333,1.6,28.5666666666667,3.33333333333333,4.76666666666667,3.3,95.6333333333333,0.0666666666666667,6.96666666666667,0.233333333333333,4.40066666666667,0,9,3
"KLT_S_2016","KLT_S","KLT","16","BO","No",27.0666666666667,35.9666666666667,0.233333333333333,35.9333333333333,6.86666666666667,7.3,30.1666666666667,68.1,0.0333333333333333,9.2,0.166666666666667,1.35833333333333,0,8,13
"KLT_S_2017","KLT_S","KLT","17","BO","No",9.13333333333333,33.7666666666667,0.233333333333333,22.8666666666667,6.33333333333333,6.1,7.7,88.6,0,5.975,0.3,5.03333333333333,0,0,8
"KLT_S_2018","KLT_S","KLT","18","BO","No",11.0666666666667,24.8666666666667,0,43.2,5.2,3.26666666666667,8.26666666666667,88.8666666666667,0.0666666666666667,6.3,0.1,2.4,0,0,4
"KLT_W_2014","KLT_W","KLT","14","BO","No",1.36666666666667,45.4333333333333,0.733333333333333,30.8333333333333,10.1,0.833333333333333,9.16666666666667,86.4666666666667,0.133333333333333,5.175,0.0333333333333333,4.95,0,0,12
"KLT_W_2015","KLT_W","KLT","15","BO","No",13.2333333333333,31.3333333333333,0,32.8666666666667,8.7,7.53333333333333,9.53333333333333,90.0666666666667,0.233333333333333,7.28333333333333,0.0666666666666667,5.09166666666667,0,3,8
"KLT_W_2016","KLT_W","KLT","16","BO","No",10.2333333333333,44.5666666666667,0.333333333333333,42.8333333333333,13.7666666666667,2.33333333333333,17.5333333333333,80.5666666666667,0.233333333333333,9.38333333333333,0.0666666666666667,0.616666666666667,0,2,13
"KLT_W_2017","KLT_W","KLT","17","BO","No",4.6,42.1333333333333,0.0333333333333333,28.4,13.5333333333333,1.26666666666667,20.3666666666667,72.9666666666667,0.1,6.54166666666667,0,2.88333333333333,0,1,11
"KLT_W_2018","KLT_W","KLT","18","BO","No",11.3666666666667,62.5666666666667,0.166666666666667,31.1,14.6666666666667,0,3.46666666666667,91.6666666666667,0.0666666666666667,8.4,0,10.65,0,1,22
"LTR_C_2014","LTR_C","LTR","14","IGB","Spr",28.7,14.9,26.8,12.0666666666667,6.9,7.56666666666667,23.4666666666667,73.6,0,1.58333333333333,0.666666666666667,0.191666666666667,4,4,0
"LTR_C_2015","LTR_C","LTR","15","IGB","Spr",22.8333333333333,21,20.5,27.7333333333333,18.3666666666667,5.4,63.0333333333333,20.8333333333333,0.0333333333333333,3.29166666666667,0.566666666666667,0,5,1,5
"LTR_C_2016","LTR_C","LTR","16","IGB","Spr",11.4,12,13.8666666666667,32.1333333333333,14.2666666666667,2,29.3333333333333,63.9,0.0666666666666667,2.24166666666667,0.533333333333333,0.308333333333333,2,0,0
"LTR_C_2017","LTR_C","LTR","17","IGB","Spr",13.8666666666667,21.2333333333333,13.8333333333333,28.5,14.5333333333333,1.86666666666667,23.6666666666667,72,0.0333333333333333,1.70833333333333,0.5,0.566666666666667,1,0,2
"LTR_C_2018","LTR_C","LTR","18","IGB","Spr",15.1333333333333,26.3666666666667,15.8666666666667,43.3666666666667,10.2,1.5,71.0666666666667,20.1333333333333,0.166666666666667,2.51666666666667,0.333333333333333,0.05,3,2,6
"LTR_E_2014","LTR_E","LTR","14","IGB","SnS",39.4333333333333,8.5,31.2666666666667,13.2,11.4,1.93333333333333,15.5666666666667,78.9,0,1.38333333333333,0.5,0.733333333333333,3,9,0
"LTR_E_2015","LTR_E","LTR","15","IGB","SnS",36.2333333333333,6.43333333333333,9.53333333333333,38.3333333333333,21.9,3.33333333333333,74.3333333333333,13.2666666666667,0.0333333333333333,3.53333333333333,0.566666666666667,0,2,9,0
"LTR_E_2016","LTR_E","LTR","16","IGB","SnS",11.8333333333333,9.06666666666667,9.1,37.6666666666667,18.7333333333333,0.2,31.4,55.6333333333333,0,1.86666666666667,0.5,0.241666666666667,2,0,0
"LTR_E_2017","LTR_E","LTR","17","IGB","SnS",13.5,14.7,16.9666666666667,31,24.9,0.2,19.8666666666667,70.1,0.0333333333333333,1.75833333333333,0.366666666666667,0.366666666666667,2,0,0
"LTR_E_2018","LTR_E","LTR","18","IGB","SnS",25.1,11.9333333333333,19.7666666666667,50.8666666666667,14.6666666666667,0.5,50.6666666666667,31.9,0.133333333333333,2.725,0.666666666666667,0.1,1,4,0
"LTR_W_2014","LTR_W","LTR","14","IGB","Con",51.6333333333333,32.1,14.1333333333333,11.7333333333333,20.1666666666667,2.53333333333333,36.5,59.5333333333333,0,1.25833333333333,0.766666666666667,0.05,1,12,4
"LTR_W_2015","LTR_W","LTR","15","IGB","Con",16.1333333333333,37.4333333333333,12.8,13.8333333333333,18.6,1.93333333333333,56.4333333333333,30,0.0333333333333333,2.16666666666667,0.566666666666667,0.00833333333333333,2,2,10
"LTR_W_2016","LTR_W","LTR","16","IGB","Con",10.5333333333333,25.7,8.8,16.3,5.7,0.7,9.33333333333333,83.7666666666667,0.0666666666666667,1.83333333333333,0.766666666666667,0.958333333333333,0,0,3
"LTR_W_2017","LTR_W","LTR","17","IGB","Con",3.6875,33.4375,12.75,15.375,11.375,0.3125,15.25,71.375,0,1.078125,0.3125,0.78125,0,0,2
"LTR_W_2018","LTR_W","LTR","18","IGB","Con",8.06666666666667,33.5,11.4666666666667,21.4333333333333,17.3333333333333,3.8,64.4333333333333,25.6666666666667,0.0333333333333333,1.275,0.233333333333333,0.0833333333333333,0,0,4
"PAW_E_2014","PAW_E","PAW","14","BO","No",34.9,44.0333333333333,0.1,36.9333333333333,3.06666666666667,20.1666666666667,8.23333333333333,72.8333333333333,0.0333333333333333,5.40833333333333,0.466666666666667,4.06666666666667,0,13,15
"PAW_E_2015","PAW_E","PAW","15","BO","No",3.36666666666667,29.3666666666667,0,51.8333333333333,3.16666666666667,14.2,0.533333333333333,94.3333333333333,0.4,4.7,0.0333333333333333,3.33333333333333,0,0,4
"PAW_E_2016","PAW_E","PAW","16","BO","No",16.3,25.3,0,42.9666666666667,8.8,25.6666666666667,2.4,85.2333333333333,0.233333333333333,7.20833333333333,0.0666666666666667,3.24,0,1,4
"PAW_E_2017","PAW_E","PAW","17","BO","No",2.66666666666667,21.5333333333333,0.1,40.6,5.33333333333333,11.9666666666667,9.26666666666667,88.1666666666667,0.266666666666667,6.75,0,3.28333333333333,0,0,2
"PAW_E_2018","PAW_E","PAW","18","BO","No",7.36666666666667,21.2333333333333,0.1,43.4,7.3,27.4,8.2,88.4666666666667,0.2,6.83333333333333,0.133333333333333,4.45,0,0,2
"PAW_S_2014","PAW_S","PAW","14","BO","No",17.8333333333333,37.1666666666667,0.133333333333333,50.5,3.1,6.46666666666667,12.9333333333333,70.0333333333333,0.2,6.01666666666667,0.333333333333333,3.03333333333333,0,6,9
"PAW_S_2015","PAW_S","PAW","15","BO","No",7.16666666666667,29.4666666666667,0,58.4666666666667,0.266666666666667,0.566666666666667,0.666666666666667,94.3333333333333,0.1,6.60833333333333,0,3.26666666666667,0,1,8
"PAW_S_2016","PAW_S","PAW","16","BO","No",18.6,22.6,0.733333333333333,48.3,5.16666666666667,4.43333333333333,2.66666666666667,86.8,0.2,8.65,0,3.38333333333333,0,3,4
"PAW_S_2017","PAW_S","PAW","17","BO","No",7.13333333333333,16.1,0.566666666666667,52.4666666666667,9.76666666666667,8.36666666666667,86.1666666666667,9.36666666666667,0.533333333333333,7.625,0,0.583333333333333,0,0,2
"PAW_S_2018","PAW_S","PAW","18","BO","No",3.4,10.2333333333333,0.633333333333333,58.2666666666667,9.6,19.8666666666667,6.23333333333333,90.4,0.3,5.93333333333333,0.0333333333333333,4,0,0,1
"PAW_W_2014","PAW_W","PAW","14","BO","No",40.4333333333333,44.9333333333333,0.533333333333333,54.7333333333333,3.26666666666667,6.7,12.8333333333333,69.6666666666667,0.1,5.59166666666667,0.3,3.06666666666667,0,15,14
"PAW_W_2015","PAW_W","PAW","15","BO","No",7.26666666666667,30.1333333333333,0.0333333333333333,50.5333333333333,1.16666666666667,4.8,2.2,96.4333333333333,0.0333333333333333,5.9,0,2.63333333333333,0,1,7
"PAW_W_2016","PAW_W","PAW","16","BO","No",30.8333333333333,35.4666666666667,0.0333333333333333,37.9666666666667,5.4,5.76666666666667,2.56666666666667,86,0,8.65833333333333,0.1,6.675,0,7,10
"PAW_W_2017","PAW_W","PAW","17","BO","No",16.5,18.9333333333333,0.8,47.9,2.1,2,90.0333333333333,5.8,0.266666666666667,7.6,0,0.183333333333333,0,1,1
"PAW_W_2018","PAW_W","PAW","18","BO","No",8.03333333333333,35.0666666666667,0.166666666666667,50.6,5.5,11.7666666666667,7.33333333333333,88.0666666666667,0.0666666666666667,6.69166666666667,0.3,6.71666666666667,0,0,8
"PYN_N_2014","PYN_N","PYN","14","PBIG","No",33.9666666666667,8.36666666666667,28.8666666666667,8.86666666666667,33.6666666666667,0.533333333333333,16.9666666666667,76.7,0,1.65,0.566666666666667,0.508333333333333,2,6,0
"PYN_N_2015","PYN_N","PYN","15","PBIG","No",30.5333333333333,4.8,47.0666666666667,8.13333333333333,37.1,2.53333333333333,10.3666666666667,86.2333333333333,0,2.51666666666667,0.166666666666667,1.31666666666667,12,7,0
"PYN_N_2016","PYN_N","PYN","16","PBIG","No",6.9,11.0666666666667,31.2,21.4,35.6666666666667,1.33333333333333,38.1666666666667,50.4,0,0.983333333333333,0.433333333333333,0.35,8,0,1
"PYN_N_2017","PYN_N","PYN","17","PBIG","No",17.7666666666667,9,26.3,22.1,29.4,5.56666666666667,10.5333333333333,86.4333333333333,0,1.675,0.233333333333333,1.48333333333333,4,2,0
"PYN_N_2018","PYN_N","PYN","18","PBIG","No",15.8666666666667,27.6666666666667,34.7,14.6333333333333,30.9333333333333,1.63333333333333,7.56666666666667,85.4666666666667,0.0333333333333333,2.51666666666667,0.333333333333333,1.48333333333333,8,1,5
"PYN_S_2014","PYN_S","PYN","14","PBIG","No",14.1333333333333,13.1333333333333,29.3,10.0333333333333,45.1333333333333,0,18.5333333333333,71.7,0,1.36666666666667,0.666666666666667,0.275,1,1,0
"PYN_S_2015","PYN_S","PYN","15","PBIG","No",50.9333333333333,8.43333333333333,19.0666666666667,6.36666666666667,54.6666666666667,0.7,39.8333333333333,28.1333333333333,0,1.45833333333333,0.466666666666667,0.025,3,14,0
"PYN_S_2016","PYN_S","PYN","16","PBIG","No",17.7407407407407,10.7407407407407,33.8888888888889,12.7037037037037,35.8518518518519,0.703703703703704,44.7777777777778,40.5925925925926,0.037037037037037,1.07407407407407,NA,0.398148148148148,7,2,1
"PYN_S_2017","PYN_S","PYN","17","PBIG","No",14,11.5666666666667,24.7,14.5666666666667,32.6666666666667,0.533333333333333,5.86666666666667,93.2333333333333,0,1.46666666666667,NA,1.5,4,0,0
"PYN_S_2018","PYN_S","PYN","18","PBIG","No",17.9333333333333,18.2666666666667,27.4333333333333,32.1333333333333,42.7,0.533333333333333,32.1333333333333,51.6333333333333,0.0333333333333333,1.46666666666667,0.166666666666667,0.333333333333333,2,0,0
"PYN_W_2014","PYN_W","PYN","14","PBIG","No",30.6333333333333,11.3,25.2666666666667,12.9666666666667,39.0333333333333,0.633333333333333,37.6333333333333,41.7,0,1.125,0.6,0,3,7,0
"PYN_W_2015","PYN_W","PYN","15","PBIG","No",35.1333333333333,8.66666666666667,32.4333333333333,17.2333333333333,48.6333333333333,0.733333333333333,25.2333333333333,71.4666666666667,0,2.31666666666667,0.366666666666667,0.791666666666667,9,7,0
"PYN_W_2016","PYN_W","PYN","16","PBIG","No",12.7142857142857,13.3809523809524,32.0952380952381,6.09523809523809,30.7142857142857,0.761904761904762,4.23809523809524,86.5714285714286,0,1.35714285714286,0.476190476190476,2.13095238095238,4,0,0
"PYN_W_2017","PYN_W","PYN","17","PBIG","No",8.63333333333333,23.5333333333333,20.0333333333333,25.3,37.8333333333333,1.13333333333333,53.6333333333333,26.2333333333333,0,1.175,0.0666666666666667,0.266666666666667,2,0,1
"PYN_W_2018","PYN_W","PYN","18","PBIG","No",10.2333333333333,26.0333333333333,26.6,29.6,44.1,0.733333333333333,11.2333333333333,86.9,0,1.76666666666667,0.366666666666667,0.95,4,0,2
"PYS_N_2014","PYS_N","PYS","14","PBG","No",3.8,5.6,30.2333333333333,9.56666666666667,13.3333333333333,1.23333333333333,7.76666666666667,72.7333333333333,0,1.31666666666667,0.6,1.28333333333333,3,0,0
"PYS_N_2015","PYS_N","PYS","15","PBG","No",18.7666666666667,4.73333333333333,28.2,12.8,32.2666666666667,3.26666666666667,7.63333333333333,2.86666666666667,0,2.75833333333333,0.0333333333333333,0.0666666666666667,3,3,0
"PYS_N_2016","PYS_N","PYS","16","PBG","No",15.3,4.4,32.2333333333333,16.2666666666667,12.5666666666667,0.933333333333333,5.3,93.1666666666667,0.166666666666667,3.53333333333333,0.1,2.36666666666667,6,0,0
"PYS_N_2017","PYS_N","PYS","17","PBG","No",8,3.66666666666667,20.2666666666667,16.3666666666667,28.4,1.06666666666667,5.9,86.8,0.0666666666666667,3.275,0.166666666666667,2.61666666666667,1,0,0
"PYS_N_2018","PYS_N","PYS","18","PBG","No",17.7666666666667,10.3,20.8,25,24.7,1.06666666666667,59.5666666666667,23.1333333333333,0,2.23333333333333,0.0333333333333333,0,1,0,0
"PYS_S_2014","PYS_S","PYS","14","PBG","No",4.93333333333333,10.8,36.4,18.6,21.4333333333333,1.73333333333333,21,38.3,0,1.15833333333333,0.666666666666667,0.316666666666667,6,0,0
"PYS_S_2015","PYS_S","PYS","15","PBG","No",21.8,5.9,38.9333333333333,17.1,15.5333333333333,0.2,1.76666666666667,81.6,0.0333333333333333,3.575,0.4,1.76666666666667,10,0,0
"PYS_S_2016","PYS_S","PYS","16","PBG","No",18.8,3.2,34.9,9.9,13.8333333333333,0.566666666666667,3.43333333333333,92.0333333333333,0,2.975,0.166666666666667,2.24166666666667,3,0,0
"PYS_S_2017","PYS_S","PYS","17","PBG","No",5.38461538461539,6,18.9230769230769,27.1153846153846,39.8461538461538,0.730769230769231,27.7692307692308,66.6923076923077,0.0384615384615385,2.24038461538462,0.115384615384615,0.596153846153846,1,0,0
"PYS_S_2018","PYS_S","PYS","18","PBG","No",11.7037037037037,12.7407407407407,33.0740740740741,33.5925925925926,23.1481481481481,0.703703703703704,5.11111111111111,89.6296296296296,0.037037037037037,2.66666666666667,0.222222222222222,1.11111111111111,6,0,0
"PYS_W_2014","PYS_W","PYS","14","PBG","No",8.8,11.0333333333333,22.9,10.4666666666667,17.5,0,2.9,77.5666666666667,0,1.575,0.833333333333333,1.5,0,0,0
"PYS_W_2015","PYS_W","PYS","15","PBG","No",20.1333333333333,6.56666666666667,43.2,10.6333333333333,24.7666666666667,0.566666666666667,5.23333333333333,79.5,0,3.14166666666667,0.266666666666667,1.73333333333333,10,2,0
"PYS_W_2016","PYS_W","PYS","16","PBG","No",14.4333333333333,5.23333333333333,17.2,15.7333333333333,15.4666666666667,0,70.2333333333333,14.4,0.1,2.25,0.2,0.166666666666667,0,0,0
"PYS_W_2017","PYS_W","PYS","17","PBG","No",8.35294117647059,8.14705882352941,11.1764705882353,19.4411764705882,39.3529411764706,1.67647058823529,12.0588235294118,83.2941176470588,0.0294117647058824,3.45588235294118,0.382352941176471,3.16176470588235,0,0,0
"PYS_W_2018","PYS_W","PYS","18","PBG","No",19.2121212121212,19.4545454545455,22.3636363636364,15.5454545454545,19.6060606060606,0.696969696969697,0.333333333333333,97.2727272727273,0.0303030303030303,3.41666666666667,0.363636363636364,2.28787878787879,1,0,1
"PYW_C_2014","PYW_C","PYW","14","GB","Spr",4.13333333333333,23.3333333333333,22.5666666666667,8.76666666666667,10.7,1.36666666666667,2.5,75.0333333333333,0,1.38333333333333,0.766666666666667,0.916666666666667,2,0,4
"PYW_C_2015","PYW_C","PYW","15","GB","Spr",7.26666666666667,13.8,6.16666666666667,35.7666666666667,33.0666666666667,4.23333333333333,10.8,0.233333333333333,0.0333333333333333,3.85833333333333,0.8,0,1,0,0
"PYW_C_2016","PYW_C","PYW","16","GB","Spr",19.9333333333333,11.0333333333333,14.9666666666667,35.9,19.3,1.16666666666667,11.8,77.0666666666667,0.0333333333333333,3.65,0.466666666666667,0.616666666666667,4,2,1
"PYW_C_2017","PYW_C","PYW","17","GB","Spr",8.76666666666667,12.2666666666667,8.73333333333333,30.2333333333333,31.4666666666667,4,12.1666666666667,74.1,0.166666666666667,3.88333333333333,0.533333333333333,1.86666666666667,0,0,1
"PYW_C_2018","PYW_C","PYW","18","GB","Spr",27.1666666666667,18.7666666666667,13.4333333333333,30.3333333333333,18.8666666666667,1.5,41.7666666666667,48.2,0.0333333333333333,3.95,0.3,0.183333333333333,0,3,0
"PYW_N_2014","PYW_N","PYW","14","GB","SnS",3.06666666666667,12.6,41.4,3.7,15.4666666666667,0.633333333333333,3.46666666666667,84.4666666666667,0,1.60833333333333,0.6,0.95,8,0,1
"PYW_N_2015","PYW_N","PYW","15","GB","SnS",9.5,10.7666666666667,9.23333333333333,28.9666666666667,38.6,0.1,17.1666666666667,0,0,2.74166666666667,0.7,0,0,0,0
"PYW_N_2016","PYW_N","PYW","16","GB","SnS",34.5666666666667,15.8666666666667,13,31.2333333333333,25.6333333333333,0.133333333333333,30.6,62.8333333333333,0.0333333333333333,2.69166666666667,0.166666666666667,1.34166666666667,0,6,0
"PYW_N_2017","PYW_N","PYW","17","GB","SnS",7.76666666666667,9.13333333333333,8.2,12.7666666666667,58.6,0.533333333333333,4.8,92,0,2.38333333333333,0.366666666666667,1.76666666666667,0,0,0
"PYW_N_2018","PYW_N","PYW","18","GB","SnS",18.2,24.2666666666667,10.7333333333333,29.1,26.1333333333333,0,64.7666666666667,20.7,0,2.825,0.366666666666667,0.0166666666666667,0,0,2
"PYW_S_2014","PYW_S","PYW","14","GB","Con",3.23333333333333,9.66666666666667,24.1666666666667,6.96666666666667,26.5666666666667,0.6,4.73333333333333,80.5,0,1.6,0.766666666666667,0.9,1,0,0
"PYW_S_2015","PYW_S","PYW","15","GB","Con",10.3666666666667,4.26666666666667,37.1,8.73333333333333,41.1333333333333,0.733333333333333,4.83333333333333,3.8,0,2.18333333333333,0.4,0.0333333333333333,5,0,0
"PYW_S_2016","PYW_S","PYW","16","GB","Con",17.4666666666667,8.16666666666667,49.2666666666667,15.9,27.0666666666667,1.8,10.0333333333333,77.8333333333333,0.0666666666666667,2.33333333333333,0.466666666666667,1.33066666666667,17,2,0
"PYW_S_2017","PYW_S","PYW","17","GB","Con",8.14285714285714,10.4285714285714,6.71428571428571,19.1428571428571,28.5714285714286,0,4.28571428571429,87.8571428571429,0.142857142857143,2.96428571428571,0.428571428571429,1.85714285714286,0,0,0
"PYW_S_2018","PYW_S","PYW","18","GB","Con",25.7333333333333,16.5,23,24.7666666666667,35.5666666666667,1.9,20.7666666666667,65.9333333333333,0.0666666666666667,3.16666666666667,0.333333333333333,0.5,1,2,0
"RC2_C_2014","RC2_C","RC2","14","None","Spr",5.8,0,25.1333333333333,11.9666666666667,14.9666666666667,0.666666666666667,24.3666666666667,54.5,0,5,0.0333333333333333,1.2,4,1,0
"RC2_C_2015","RC2_C","RC2","15","None","Spr",33.1333333333333,3.16666666666667,6.6,57.7333333333333,26.8666666666667,0,63.3666666666667,33.4,0.1,6.68333333333333,0.0333333333333333,0.8,1,10,0
"RC2_C_2016","RC2_C","RC2","16","None","Spr",40.2666666666667,0.3,9.8,43.6,20.6333333333333,0.533333333333333,28.1666666666667,65.3,0.0333333333333333,7.425,0,2.05833333333333,2,11,0
"RC2_C_2017","RC2_C","RC2","17","None","Spr",27.4666666666667,0.166666666666667,7.16666666666667,25.6666666666667,34.0666666666667,2.63333333333333,8.8,88.4666666666667,0,6.63333333333333,0.0333333333333333,5.01666666666667,1,5,0
"RC2_C_2018","RC2_C","RC2","18","None","Spr",30.6,3,7.66666666666667,29.6666666666667,36.4666666666667,0.533333333333333,28.3,61.9666666666667,0,4.83333333333333,0.0666666666666667,1.13333333333333,0,8,0
"RC2_N_2014","RC2_N","RC2","14","None","SnS",11.4,1.8,34.3,1.6,3.26666666666667,0.0333333333333333,16.3,50.6333333333333,0,3.675,0.0666666666666667,0.8,4,1,0
"RC2_N_2015","RC2_N","RC2","15","None","SnS",33.3,10.6333333333333,4.13333333333333,51.4333333333333,20.2666666666667,1.26666666666667,41.3333333333333,58.8333333333333,0,5.38333333333333,0.133333333333333,0.6,1,7,2
"RC2_N_2016","RC2_N","RC2","16","None","SnS",29.3333333333333,15.7,7.06666666666667,43.9666666666667,26.6,0,8.06666666666667,89.3,0.133333333333333,6.56666666666667,0.0333333333333333,4.875,0,4,1
"RC2_N_2017","RC2_N","RC2","17","None","SnS",13.1,22,4.3,20.5666666666667,27.1666666666667,0.133333333333333,8.33333333333333,91.6333333333333,0,5.46666666666667,0.0666666666666667,6.06666666666667,0,1,4
"RC2_N_2018","RC2_N","RC2","18","None","SnS",23.0666666666667,42.2333333333333,4.33333333333333,30.6,26.7666666666667,0.533333333333333,41.3,48.2333333333333,0.1,4.825,0.0333333333333333,0.883333333333333,0,3,14
"RC2_S_2014","RC2_S","RC2","14","None","Con",11.8666666666667,0,13.6,35,33.1,1.06666666666667,37.7666666666667,40.8333333333333,0,4.425,0.0333333333333333,0.9,2,1,0
"RC2_S_2015","RC2_S","RC2","15","None","Con",45.4,0.3,22.4,38.8666666666667,35.7666666666667,3.9,68.3333333333333,25.6666666666667,0.2,10.5166666666667,0.0666666666666667,1.11666666666667,3,14,0
"RC2_S_2016","RC2_S","RC2","16","None","Con",55.3666666666667,0,24.6666666666667,27.3333333333333,11.9333333333333,0.666666666666667,8.7,86.4666666666667,0,7.15,0.0333333333333333,4.31666666666667,2,20,0
"RC2_S_2017","RC2_S","RC2","17","None","Con",39.1333333333333,0.5,15.6666666666667,14.9666666666667,10.1,0.633333333333333,6.46666666666667,91.6666666666667,0,5.43333333333333,0,5.4,0,11,0
"RC2_S_2018","RC2_S","RC2","18","None","Con",54.0333333333333,0,12.4666666666667,16.1,17.4,0.533333333333333,10.5333333333333,87.3,0,4.125,0.0333333333333333,2.48333333333333,1,19,0
"RCH2014_C_2014","RCH2014_C","RCH2014","14","PBG",NA,7.43333333333333,3.53333333333333,33.5666666666667,16.7333333333333,3.8,3.76666666666667,8.13333333333333,74.7666666666667,0,2.94166666666667,0.2,2.53333333333333,5,0,0
"RCH2014_C_2015","RCH2014_C","RCH2014","15","PBG",NA,48.1666666666667,2.56666666666667,39.7666666666667,27.5,18.5,8.3,55.1333333333333,44.9666666666667,0,3.48333333333333,0.3,2.36666666666667,13,14,0
"RCH2014_C_2016","RCH2014_C","RCH2014","16","PBG",NA,19,3.23333333333333,15,34.5,10.0666666666667,5.56666666666667,11.5,87.6666666666667,0.0666666666666667,3.99166666666667,0.3,2.55,4,6,0
"RCH2014_C_2017","RCH2014_C","RCH2014","17","PBG",NA,18.7586206896552,10.3793103448276,21.3793103448276,45.4827586206897,9.20689655172414,6.37931034482759,26.4827586206897,68.551724137931,0.275862068965517,4.5,0.517241379310345,0.810344827586207,2,0,1
"RCH2014_C_2018","RCH2014_C","RCH2014","18","PBG",NA,20.2666666666667,5.06666666666667,20.6666666666667,40.0666666666667,7.53333333333333,3.56666666666667,63.8333333333333,31.0666666666667,0.3,3.03333333333333,0.0333333333333333,0.533333333333333,5,2,0
"RCH2014_E_2014","RCH2014_E","RCH2014","14","PBG",NA,5.16666666666667,6.03333333333333,44.4,16.1333333333333,0,2.26666666666667,1.16666666666667,91.6,0,2.825,0.133333333333333,4.96666666666667,14,1,2
"RCH2014_E_2015","RCH2014_E","RCH2014","15","PBG",NA,52.1666666666667,1.7,63.5,18.4333333333333,1.2,2.86666666666667,18.6666666666667,80.5666666666667,0.0333333333333333,4.43333333333333,0.0666666666666667,4.48333333333333,21,14,0
"RCH2014_E_2016","RCH2014_E","RCH2014","16","PBG",NA,31.4333333333333,1.66666666666667,50.6666666666667,21.3333333333333,1.73333333333333,3.06666666666667,22.9666666666667,66.7666666666667,0.1,4.59166666666667,0.133333333333333,0.925,15,7,0
"RCH2014_E_2017","RCH2014_E","RCH2014","17","PBG",NA,2.15384615384615,2.92307692307692,2.46153846153846,37.3076923076923,3.76923076923077,0.0769230769230769,7.53846153846154,92.4615384615385,0.0769230769230769,3.07692307692308,0.0769230769230769,1.38461538461538,0,0,0
"RCH2014_E_2018","RCH2014_E","RCH2014","18","PBG",NA,12.2333333333333,2.3,2.93333333333333,57.1333333333333,4.53333333333333,9.8,36.3,47.0666666666667,0.166666666666667,5.425,0.1,0.35,0,0,0
"RCH2014_W_2014","RCH2014_W","RCH2014","14","PBG",NA,16.7,0.933333333333333,52.2,9.63333333333333,8.76666666666667,0.533333333333333,34.3,24.1666666666667,0,1.125,0.0333333333333333,0.0333333333333333,16,3,0
"RCH2014_W_2015","RCH2014_W","RCH2014","15","PBG",NA,14.6,9.7,11.8333333333333,39.5666666666667,20.7,2.33333333333333,67.6333333333333,32.3666666666667,0.1,3.8,0.0666666666666667,0.833333333333333,1,0,2
"RCH2014_W_2016","RCH2014_W","RCH2014","16","PBG",NA,19.1,4.76666666666667,15.5,20.8333333333333,28.5,0.233333333333333,56.9,35.4666666666667,0,1.5,0.133333333333333,0.258333333333333,2,2,0
"RCH2014_W_2017","RCH2014_W","RCH2014","17","PBG",NA,18.4,10.8666666666667,31.7,33.8666666666667,30.8,1.6,58.7,25.2666666666667,0.0666666666666667,2.85,0,0.0466666666666667,5,0,0
"RCH2014_W_2018","RCH2014_W","RCH2014","18","PBG",NA,17,13.5666666666667,21.7,30.7333333333333,12.2666666666667,0.633333333333333,20.1666666666667,55.4666666666667,0,4.675,0.2,1.63333333333333,3,1,1
"RIE_E_2015","RIE_E","RIE","15","NANA",NA,27.8333333333333,6.66666666666667,11.1,34.1,38.8666666666667,0.533333333333333,25.0333333333333,75.3666666666667,0,7.34166666666667,0,3.6,3,7,0
"RIE_E_2016","RIE_E","RIE","16","NANA",NA,14.1,7.9,1.16666666666667,63.4,36.1333333333333,1.26666666666667,38.3666666666667,53.8666666666667,0,9.24166666666667,0,1.06666666666667,0,1,2
"RIE_N_2015","RIE_N","RIE","15","NANA",NA,34.3,3.16666666666667,14.6333333333333,51.5666666666667,20.5666666666667,11.8,21,79.8,0,9.73333333333333,0,1.60833333333333,4,9,0
"RIE_N_2016","RIE_N","RIE","16","NANA",NA,17.5666666666667,1.26666666666667,9.06666666666667,56.1,22.2666666666667,15.7,7.9,88.8333333333333,0,10.125,0,4.09166666666667,2,3,0
"RIE_W_2015","RIE_W","RIE","15","NANA",NA,34,2.86666666666667,11.7333333333333,38.2,32.2,5,9.23333333333333,91.7,0,8.69166666666667,0,3.61666666666667,2,8,0
"RIE_W_2016","RIE_W","RIE","16","NANA",NA,29.7,6.83333333333333,10.8333333333333,51,19.9333333333333,5.2,21.7666666666667,73.9666666666667,0,9.53333333333333,0.0666666666666667,0.916666666666667,2,8,1
"RIN_E_2014","RIN_E","RIN","14","BO","No",46.2,45.0333333333333,0,22.2333333333333,1.43333333333333,5.5,8.2,88.8333333333333,0,4.175,0.2,1.8,0,15,15
"RIN_E_2015","RIN_E","RIN","15","BO","No",19.5333333333333,38.2333333333333,0,26.3666666666667,2.56666666666667,3.96666666666667,8.46666666666667,91.2666666666667,0.166666666666667,5.16666666666667,0.3,4.675,0,2,12
"RIN_E_2016","RIN_E","RIN","16","BO","No",20.4666666666667,42.0666666666667,0,24.7333333333333,5.63333333333333,13.4,2,95.6333333333333,0,5.15,0.266666666666667,7.33333333333333,0,3,12
"RIN_E_2017","RIN_E","RIN","17","BO","No",20.2333333333333,35.8333333333333,0,35.7666666666667,14.6666666666667,8.96666666666667,79.8666666666667,13.1333333333333,0.1,5.75833333333333,0.4,0.0666666666666667,0,2,9
"RIN_E_2018","RIN_E","RIN","18","BO","No",6.36666666666667,39.2666666666667,0,14.7,6.36666666666667,4.96666666666667,32.9666666666667,59.2666666666667,0,4.66666666666667,0.133333333333333,3.63333333333333,0,0,9
"RIN_S_2014","RIN_S","RIN","14","BO","No",76.7333333333333,61.2,0,21.1666666666667,3.73333333333333,1.7,5.33333333333333,92.8,0.0333333333333333,5.025,0.633333333333333,4.36666666666667,0,23,22
"RIN_S_2015","RIN_S","RIN","15","BO","No",19.8333333333333,43.7,0,23.6666666666667,2.86666666666667,1.16666666666667,18.6666666666667,81.4333333333333,0,4.75833333333333,0.5,4.48333333333333,0,0,16
"RIN_S_2016","RIN_S","RIN","16","BO","No",26.1,45.5,0,21.4666666666667,1.2,8.46666666666667,7.86666666666667,86.8333333333333,0,5.55,0.566666666666667,5.58333333333333,0,3,14
"RIN_S_2017","RIN_S","RIN","17","BO","No",20.6333333333333,37.0666666666667,0,36.2666666666667,16.1666666666667,0.933333333333333,86.2,7.36666666666667,0.166666666666667,5.8,0.7,0.0333333333333333,0,4,9
"RIN_S_2018","RIN_S","RIN","18","BO","No",16.5,42.5333333333333,0,16.5333333333333,0.733333333333333,2.23333333333333,10.0666666666667,90.8333333333333,0,5.6,0.433333333333333,6.83333333333333,0,0,11
"RIN_W_2014","RIN_W","RIN","14","BO","No",41.9333333333333,32.4666666666667,2.1,30.6333333333333,10.4666666666667,5.5,9.4,86.0666666666667,0,8.09166666666667,0.5,3.51333333333333,1,14,6
"RIN_W_2015","RIN_W","RIN","15","BO","No",23.9,34.8333333333333,0,41.5,4.63333333333333,8.96666666666667,6.13333333333333,90.0333333333333,0.0666666666666667,6.25,0.266666666666667,5.90833333333333,0,2,9
"RIN_W_2016","RIN_W","RIN","16","BO","No",20.7666666666667,30.2333333333333,0,33,5.63333333333333,7.9,5.96666666666667,90.8333333333333,0.0666666666666667,7.78333333333333,0.5,6.54166666666667,0,0,3
"RIN_W_2017","RIN_W","RIN","17","BO","No",18.2666666666667,38.3333333333333,0,29.6333333333333,12.6,7.1,68.9666666666667,25.8,0,5.975,0.433333333333333,0.283333333333333,0,0,9
"RIN_W_2018","RIN_W","RIN","18","BO","No",9.1,35.8,0,29.1333333333333,9.2,6.36666666666667,20.9333333333333,78.6666666666667,0,6.475,0.233333333333333,5.5,0,0,13
"RIS_C_2014","RIS_C","RIS","14","PBG","No",7.54545454545455,21.6666666666667,21.5757575757576,22.5151515151515,17.5757575757576,4.57575757575758,0.787878787878788,85.3030303030303,NA,2.73484848484848,NA,1.56060606060606,3,1,4
"RIS_C_2015","RIS_C","RIS","15","PBG","No",16.5,7.36666666666667,28.2666666666667,20.8333333333333,16.5666666666667,0.933333333333333,6.16666666666667,19.7,0.0333333333333333,4.09166666666667,0.233333333333333,0.683333333333333,5,1,0
"RIS_C_2016","RIS_C","RIS","16","PBG","No",26.3333333333333,8.53333333333333,33.4666666666667,21.8666666666667,13.5666666666667,4.86666666666667,2.3,91.2,0.0333333333333333,3.43333333333333,0.166666666666667,2.475,6,2,0
"RIS_C_2017","RIS_C","RIS","17","PBG","No",14.3870967741935,13.3225806451613,26.0645161290323,18.8064516129032,31.5483870967742,3.54838709677419,2.45161290322581,94.5483870967742,0.0967741935483871,2.64516129032258,0.290322580645161,1.88709677419355,5,0,2
"RIS_C_2018","RIS_C","RIS","18","PBG","No",17.5333333333333,9.46666666666667,19.4333333333333,29,46.6333333333333,1.8,19.4333333333333,55.7,0.0666666666666667,3.4,0.333333333333333,0.666666666666667,2,0,0
"RIS_N_2014","RIS_N","RIS","14","PBG","No",4.76666666666667,9.9,24.4,28.3,9.66666666666667,7.1,29.2666666666667,52.3333333333333,0,2.04166666666667,0.4,0.166666666666667,2,0,0
"RIS_N_2015","RIS_N","RIS","15","PBG","No",18.9333333333333,3.26666666666667,29.5666666666667,18.9666666666667,16.6666666666667,5.8,0.9,80.8333333333333,0.0666666666666667,4.25833333333333,0.166666666666667,1.9,3,1,0
"RIS_N_2016","RIS_N","RIS","16","PBG","No",23.3,6.16666666666667,35.4,14.5,9.36666666666667,6.53333333333333,4.06666666666667,90.3666666666667,0.0333333333333333,3.475,0.166666666666667,2.43333333333333,9,1,1
"RIS_N_2017","RIS_N","RIS","17","PBG","No",16.1034482758621,9.3448275862069,29.0689655172414,20.9310344827586,24.2068965517241,2.44827586206897,38.7931034482759,47.1724137931034,0.0344827586206897,2.60344827586207,0.0689655172413793,0.620689655172414,5,3,1
"RIS_N_2018","RIS_N","RIS","18","PBG","No",16.7333333333333,11.4666666666667,23.3333333333333,23.7,45.8,8.33333333333333,28.9333333333333,26.5666666666667,0,3.75833333333333,0.533333333333333,1.13333333333333,0,0,0
"RIS_S_2014","RIS_S","RIS","14","PBG","No",12.3333333333333,16.1,28.9333333333333,12.6333333333333,19.4,3.13333333333333,9,76.7,NA,2.225,NA,0.65,4,1,0
"RIS_S_2015","RIS_S","RIS","15","PBG","No",15.6666666666667,2.53333333333333,41.1666666666667,15.1,14.3666666666667,2.13333333333333,0.666666666666667,84.2,0.1,2.75833333333333,0.266666666666667,1.98333333333333,11,0,0
"RIS_S_2016","RIS_S","RIS","16","PBG","No",25.2,15.4,35.2333333333333,10.0666666666667,11.1,0.833333333333333,66.6,10.8666666666667,0,1.34166666666667,0.266666666666667,0.266666666666667,7,1,1
"RIS_S_2017","RIS_S","RIS","17","PBG","No",27.6,10.5,30.3333333333333,15.3,30.5333333333333,3.33333333333333,14.8333333333333,76.3666666666667,0.0333333333333333,2.9,0.6,1.21666666666667,6,5,1
"RIS_S_2018","RIS_S","RIS","18","PBG","No",17.4666666666667,12.5333333333333,22.1666666666667,25.5666666666667,43.0333333333333,2.5,25.3,32.6333333333333,0.0333333333333333,2.93333333333333,0.6,1.43333333333333,0,0,0
"RNR_C_2015","RNR_C","RNR","15","BO","No",21.6333333333333,57.9333333333333,8.03333333333333,17.6333333333333,15.2,0,5.13333333333333,94.8333333333333,0,9.16666666666667,0,6.89166666666667,1,3,19
"RNR_C_2016","RNR_C","RNR","16","BO","No",11.6666666666667,46.9666666666667,1.36666666666667,32.6666666666667,26.1333333333333,4.2,52.1666666666667,46.0666666666667,0,7.025,0,0.183333333333333,0,1,14
"RNR_C_2017","RNR_C","RNR","17","BO","No",8.4,52.2333333333333,1.83333333333333,21.9333333333333,10.6,0.533333333333333,3.56666666666667,94.8,0.0333333333333333,5.60833333333333,0.4,5.93333333333333,0,1,18
"RNR_E_2015","RNR_E","RNR","15","BO","No",24.6,10.5,7.96666666666667,42.4,42.5666666666667,5.26666666666667,11.8,88.5,0,7.5,0,2.70833333333333,3,6,1
"RNR_E_2016","RNR_E","RNR","16","BO","No",9.66666666666667,14.3666666666667,5.73333333333333,46.8333333333333,54.4666666666667,5.26666666666667,58.3,40.1,0,9.65833333333333,0,0.725,0,1,3
"RNR_E_2017","RNR_E","RNR","17","BO","No",10.1333333333333,16.2,5.4,44.2,23.4333333333333,3.26666666666667,29.1333333333333,69.5333333333333,0,6.35833333333333,0.1,2.8,0,0,2
"RNR_W_2015","RNR_W","RNR","15","BO","No",11.9,26.4666666666667,11,36.3,32.4666666666667,0,9.2,91.6333333333333,0,6.54166666666667,0,4.15833333333333,1,0,6
"RNR_W_2016","RNR_W","RNR","16","BO","No",8.1,42.1,1.2,25.5,37.9,2.43333333333333,4.8,93.2666666666667,0,4.78333333333333,0,3.93333333333333,0,1,12
"RNR_W_2017","RNR_W","RNR","17","BO","No",3.73333333333333,16.6333333333333,0.366666666666667,38.1333333333333,32.9,0.8,28.0333333333333,69.5,0,6.05,0.4,2.91666666666667,0,0,0
"STE_N_2014","STE_N","STE","14","GB","Spr",14.5333333333333,5.26666666666667,55.9333333333333,10.2,13.0666666666667,2.5,14.0333333333333,80.9,0,2.41666666666667,0.633333333333333,1.4,19,4,0
"STE_N_2015","STE_N","STE","15","GB","Spr",36.6,3.6,44.7,15.3,12.0333333333333,3.53333333333333,12.6,74.1666666666667,0,2.175,0.466666666666667,1.475,13,10,0
"STE_N_2016","STE_N","STE","16","GB","Spr",22.1,7.7,33.6333333333333,35.0666666666667,24.5,0.1,67.4,17.8333333333333,0.1,4.09166666666667,0.0333333333333333,0.175,9,2,1
"STE_N_2017","STE_N","STE","17","GB","Spr",14.1555555555556,9.24444444444444,24.6444444444444,25.8,36.9777777777778,0,26.7777777777778,71.7111111111111,0.0444444444444444,4.59444444444444,0.177777777777778,1.2,9,0,1
"STE_N_2018","STE_N","STE","18","GB","Spr",9.13333333333333,12,24.0333333333333,16.1666666666667,41.9,0.533333333333333,8.63333333333333,86.5333333333333,0,2.44166666666667,0.1,3.4,2,0,0
"STE_S_2014","STE_S","STE","14","GB","SnS",4.86666666666667,5.3,73.8333333333333,8.76666666666667,9.6,2.26666666666667,7.6,85.2666666666667,0,2.85833333333333,0.366666666666667,1.48333333333333,24,1,1
"STE_S_2015","STE_S","STE","15","GB","SnS",47.3,2.96666666666667,62.3333333333333,16.4666666666667,11.4333333333333,1.06666666666667,6,67.1666666666667,0,3.525,0.5,4.25833333333333,23,12,0
"STE_S_2016","STE_S","STE","16","GB","SnS",31.5333333333333,5.63333333333333,19.9333333333333,52.3333333333333,30.5333333333333,0.766666666666667,63.8333333333333,27.4,0.0333333333333333,4.91666666666667,0,0.158333333333333,3,8,0
"STE_S_2017","STE_S","STE","17","GB","SnS",16.5333333333333,5.13333333333333,17.1333333333333,32.8666666666667,42.2666666666667,0.133333333333333,19,76.3333333333333,0.2,6.33333333333333,0.133333333333333,2.01666666666667,1,1,0
"STE_S_2018","STE_S","STE","18","GB","SnS",26.2666666666667,5.9,19.5333333333333,21.1333333333333,64.3333333333333,0,13.6,79.1666666666667,0.133333333333333,4.31666666666667,0.0666666666666667,2.18333333333333,0,0,0
"STE_W_2014","STE_W","STE","14","GB","Con",8.56666666666667,7.16666666666667,58.4666666666667,11.7666666666667,8.76666666666667,0,11.3333333333333,80.9,0,2.75833333333333,0.5,0.808333333333333,19,0,0
"STE_W_2015","STE_W","STE","15","GB","Con",18.6666666666667,4.9,55.8666666666667,15.9333333333333,7.73333333333333,5.16666666666667,8.6,87.3666666666667,0,3.71666666666667,0.366666666666667,3.03333333333333,18,3,1
"STE_W_2016","STE_W","STE","16","GB","Con",17.1,10.6333333333333,48.8,23.1,18.2666666666667,2.66666666666667,72.2666666666667,19.9333333333333,0.0333333333333333,3.28333333333333,0.166666666666667,0.408333333333333,12,0,3
"STE_W_2017","STE_W","STE","17","GB","Con",13.9666666666667,4.03333333333333,38.2,16.3,23.6666666666667,2.43333333333333,3,92.4333333333333,0.0666666666666667,4.55833333333333,0.133333333333333,2.2,6,1,0
"STE_W_2018","STE_W","STE","18","GB","Con",21.8,14.7,31.8333333333333,12.6,25.5666666666667,0,9.4,79.5666666666667,0,3.76666666666667,0.0666666666666667,1.78333333333333,4,2,0
